codigo_cnae;atividade;quantidade_cnpjs
4763603;"Comércio varejista de bicicletas e triciclos; peças e acessórios";28811
4773300;Comércio varejista de artigos médicos e ortopédicos;23144
4645101;Comércio atacadista de instrumentos e materiais para uso médico, cirúrgico, hospitalar e de laboratórios;11466
4756300;Comércio varejista especializado de instrumentos musicais e acessórios;7855
4614100;Representantes comerciais e agentes do comércio de máquinas, equipamentos, embarcações e aeronaves;7041
4618402;Representantes comerciais e agentes do comércio de instrumentos e materiais odonto-médico-hospitalares;3195
4664800;"Comércio atacadista de máquinas, aparelhos e equipamentos para uso odonto-médico-hospitalar; partes e peças";2608
4763605;"Comércio varejista de embarcações e outros veículos recreativos; peças e acessórios";2053
4649403;Comércio atacadista de bicicletas, triciclos e outros veículos recreativos;670
4645102;Comércio atacadista de próteses e artigos de ortopedia;572
